Book Id,Title,Author,Author l-f,Additional Authors,ISBN,ISBN13,My Rating,Average Rating,Publisher,Binding,Number of Pages,Year Published,Original Publication Year,Date Read,Date Added,Bookshelves,Bookshelves with positions,Exclusive Shelf,My Review,Spoiler,Private Notes,Read Count,Owned Copies
239313400,Desperate Measures (Convergence Book 5),Craig Alanson,"Alanson, Craig",,"=""""","=""""",0,4.47,,Kindle Edition,540,2025,,,2026/03/06,to-read,to-read (#2),to-read,,,,0,0
241936481,"Ground State (Expeditionary Force, #19)",Craig Alanson,"Alanson, Craig",R.C. Bray,"=""""","=""""",0,4.35,Podium Audio,Audible Audio,,2026,,,2026/03/06,,,read,,,,1,0
213062735,Recon (Convergence #4),Craig Alanson,"Alanson, Craig",,"=""""","=""""",0,4.32,,Kindle Edition,566,2024,2024,,2026/03/06,,,read,,,,1,0
194952095,First Strike (Convergence #3),Craig Alanson,"Alanson, Craig",,"=""""","=""""",0,4.38,,Kindle Edition,590,2023,2023,,2026/03/06,,,read,,,,1,0
157346360,Dragonslayer (Convergence #2),Craig Alanson,"Alanson, Craig",,"=""""","=""""",0,4.27,,Kindle Edition,449,2023,2023,,2026/03/06,,,read,,,,1,0
61189261,Convergence (Convergence #1),Craig Alanson,"Alanson, Craig",,"=""""","=""""",0,4.13,,Kindle Edition,565,2022,2022,,2026/03/06,,,read,,,,1,0
229390825,"Gateway (Expeditionary Force, #18)",Craig Alanson,"Alanson, Craig",,"=""""","=""""",0,4.42,,Kindle Edition,444,2025,,,2026/03/06,,,read,,,,1,0
45712668,"Homefront (Expeditionary Force, #7.5)",Craig Alanson,"Alanson, Craig","Zachary Quinto, R.C. Bray, Kate Mulgrew, Robert Picardo, Lisa Reneé Pitts, P.J. Ochlan, Peter Berkrot, Kym Dakin, Bill Dufris, Corey Gagne, Nimo Gandhi, Emily Grotz, Dalton S. Kimball, Austin Ku, Daniel Logan, John Dalton Logan, Christopher Price, Michael Rafkin, Lisa Stathoplos, Casey Turner, Jennywren Walker, Marjolaine Whittlesey, Ashanti Williams, Jonathan Woodward, Collin Young","=""""","=""""",0,3.85,Podium Presents,Audible Audio,6,2019,2019,,2026/03/06,,,read,,,,1,0
45028761,"Deathtrap (Mavericks, #1)",Craig Alanson,"Alanson, Craig",,"=""""","=""""",0,4.31,,Kindle Edition,425,2019,2019,,2026/03/06,,,read,,,,1,0
218103687,"Task Force Hammer (Expeditionary Force, #17)",Craig Alanson,"Alanson, Craig",,"=""""","=""""",0,4.47,,Kindle Edition,469,2024,2024,,2026/03/06,,,read,,,,1,0
197694719,"Aftermath (Expeditionary Force, #16)",Craig Alanson,"Alanson, Craig",,"=""""","=""""",0,4.38,,Kindle Edition,469,2023,2023,,2026/03/06,,,read,,,,1,0
63358096,"Failure Mode (Expeditionary Force, #15)",Craig Alanson,"Alanson, Craig",,"=""""","=""""",0,4.48,,Kindle Edition,697,2022,2022,,2026/03/06,,,read,,,,1,0
60874817,"Match Game (Expeditionary Force, #14)",Craig Alanson,"Alanson, Craig",,"=""""","=""""",0,4.50,,Kindle Edition,698,2022,2022,,2026/03/06,,,read,,,,1,0
59021177,"Fallout (Expeditionary Force, #13)",Craig Alanson,"Alanson, Craig",R.C. Bray,"=""""","=""""",0,4.52,Podium Audio,Audible Audio,23,2021,2021,,2026/03/06,,,read,,,,1,0
34670700,"Trouble on Paradise (Expeditionary Force, #3.5)",Craig Alanson,"Alanson, Craig",,"=""""","=""""",0,4.17,Amazon Digital Services,ebook,167,2017,2017,,2026/03/06,,,read,,,,1,0
57662892,"Breakaway (Expeditionary Force, #12)",Craig Alanson,"Alanson, Craig",,"=""""","=""""",0,4.47,,Kindle Edition,393,2021,2021,,2026/03/06,,,read,,,,1,0
53319151,"Brushfire (Expeditionary Force, #11)",Craig Alanson,"Alanson, Craig",,"=""""","=""9798580899206""",0,4.44,Independently published,Paperback,392,2020,2020,,2026/03/06,,,read,,,,1,0
53179797,"Critical Mass (Expeditionary Force, #10)",Craig Alanson,"Alanson, Craig",,"=""""","=""""",0,4.52,,Kindle Edition,395,2020,2020,,2026/03/06,,,read,,,,1,0
49016595,"Valkyrie (Expeditionary Force, #9)",Craig Alanson,"Alanson, Craig",,"=""""","=""""",0,4.43,,Kindle Edition,398,2019,2019,,2026/03/06,,,read,,,,1,0
52736489,"Armageddon (Expeditionary Force, #8)",Craig Alanson,"Alanson, Craig",,"=""""","=""""",0,4.42,,ebook,456,2019,2019,,2026/03/06,,,read,,,,1,0
42844512,"Renegades (Expeditionary Force, #7)",Craig Alanson,"Alanson, Craig",,"=""""","=""""",0,4.37,,Kindle Edition,316,2018,2018,,2026/03/06,,,read,,,,1,0
40280648,"Mavericks (Expeditionary Force, #6)",Craig Alanson,"Alanson, Craig",,"=""""","=""""",0,4.28,,Kindle Edition,291,2018,2018,,2026/03/06,,,read,,,,1,0
36542226,"Zero Hour (Expeditionary Force, #5)",Craig Alanson,"Alanson, Craig",,"=""""","=""""",0,4.37,,Kindle Edition,301,2017,2017,,2026/03/06,,,read,,,,1,0
35224512,"Black Ops (Expeditionary Force, #4)",Craig Alanson,"Alanson, Craig",,"=""""","=""""",0,4.34,,Kindle Edition,278,2017,2017,,2026/03/06,,,read,,,,1,0
32723950,"Paradise (Expeditionary Force, #3)",Craig Alanson,"Alanson, Craig",,"=""""","=""""",0,4.25,,ebook,285,2016,2016,,2026/03/06,,,read,,,,1,0
30342581,"SpecOps (Expeditionary Force, #2)",Craig Alanson,"Alanson, Craig",,"=""""","=""""",0,4.24,,ebook,277,2016,2016,,2026/03/06,,,read,,,,1,0
36449535,"Columbus Day (Expeditionary Force, #1)",Craig Alanson,"Alanson, Craig",,"=""1520126247""","=""9781520126241""",0,4.25,Independently published,Paperback,299,2017,2016,,2026/03/06,,,read,,,,1,0
77265038,Moscow X,David McCloskey,"McCloskey, David",,"=""1324050756""","=""9781324050759""",0,4.21,W. W. Norton & Company,Hardcover,454,2023,2023,,2026/03/06,,,read,,,,1,0
15837317,"Gods of Risk (The Expanse, #2.5)",James S.A. Corey,"Corey, James S.A.",,"=""0316217654""","=""9780316217651""",0,3.74,Orbit,Kindle Edition,72,2012,2012,,2026/03/06,,,read,,,,1,0
910863,"Spin (Spin, #1)",Robert Charles Wilson,"Wilson, Robert Charles",,"=""076534825X""","=""9780765348258""",0,4.04,Tor Science Fiction,Mass Market Paperback,458,2006,2005,,2026/03/06,,,read,,,,1,0
25723813,The Year of the Locust,Terry Hayes,"Hayes, Terry",,"=""""","=""""",0,3.52,Transworld Digital,ebook,652,2023,2023,,2026/03/06,,,read,,,,1,0
18656030,"Cibola Burn (The Expanse, #4)",James S.A. Corey,"Corey, James S.A.",,"=""""","=""""",0,4.23,Orbit,Hardcover,581,2014,2014,,2026/03/06,,,read,,,,1,0
16131032,"Abaddon’s Gate (The Expanse, #3)",James S.A. Corey,"Corey, James S.A.",,"=""""","=""""",0,4.28,Orbit,Paperback,539,2013,2013,,2026/03/06,,,read,,,,1,0
12591698,"Caliban’s War (The Expanse, #2)",James S.A. Corey,"Corey, James S.A.",,"=""1841499900""","=""9781841499901""",0,4.39,"Orbit/Little, Brown Book Group",Paperback,624,2012,2012,,2026/03/06,,,read,,,,1,0
8855321,"Leviathan Wakes (The Expanse, #1)",James S.A. Corey,"Corey, James S.A.",,"=""1841499889""","=""9781841499888""",0,4.31,Orbit,Paperback,561,2011,2011,,2026/03/06,,,read,,,,1,0
20981355,"The Churn (The Expanse, #3.5)",James S.A. Corey,"Corey, James S.A.",,"=""1478929693""","=""9781478929697""",0,4.13,Orbit,Kindle Edition,60,2014,2014,,2026/03/06,,,read,,,,1,0
59808603,The Mountain in the Sea,Ray Nayler,"Nayler, Ray",,"=""0374605955""","=""9780374605957""",0,3.88,MCD,Hardcover,456,2022,2022,,2026/03/06,,,read,,,,1,0
25835917,Thin Air,Richard K. Morgan,"Morgan, Richard K.",,"=""0575075147""","=""9780575075146""",0,4.04,Gollancz,Hardcover,530,2018,2018,,2026/03/06,,,read,,,,1,0
33413556,The Gone World,Tom Sweterlitsch,"Sweterlitsch, Tom",,"=""0399167501""","=""9780399167508""",0,3.91,G.P. Putnam's Sons,Hardcover,400,2018,2018,,2026/03/06,,,read,,,,1,0
56769571,Damascus Station,David McCloskey,"McCloskey, David",,"=""0393881040""","=""9780393881042""",0,4.16,W. W. Norton & Company,Hardcover,432,2021,2021,,2026/03/06,,,read,,,,1,0
38212118,The Quantum Spy,David Ignatius,"Ignatius, David",,"=""0393356248""","=""9780393356243""",0,3.80,W. W. Norton & Company,Paperback,336,2018,2017,,2026/03/06,,,read,,,,1,0
18144124,I Am Pilgrim,Terry Hayes,"Hayes, Terry",,"=""1439177724""","=""9781439177723""",0,4.30,Atria/Emily Bestler Books,Hardcover,612,2014,2013,,2026/03/06,,,read,,,,1,0
230560032,"Precursor (The Spiral Wars, #10)",Joel Shepherd,"Shepherd, Joel",,"=""""","=""""",0,4.58,,Kindle Edition,508,2025,2025,,2026/03/06,,,read,,,,1,0
207631775,"Homecoming (The Spiral Wars, #9)",Joel Shepherd,"Shepherd, Joel",,"=""""","=""""",0,4.51,,Kindle Edition,658,2024,2024,,2026/03/06,,,read,,,,1,0
60718938,"Ceephay Queen (The Spiral Wars, #8)",Joel Shepherd,"Shepherd, Joel",,"=""""","=""""",0,4.42,,Kindle Edition,713,2022,2022,,2026/03/06,,,read,,,,1,0
55849312,"Qalea Drop (The Spiral Wars, #7)",Joel Shepherd,"Shepherd, Joel",,"=""""","=""""",0,4.41,Joel Shepherd,Kindle Edition,590,2020,2020,,2026/03/06,,,read,,,,1,0
49469698,"Rando Splicer (The Spiral Wars, #6)",Joel Shepherd,"Shepherd, Joel",,"=""""","=""""",0,4.43,,Kindle Edition,585,2019,2019,,2026/03/06,,,read,,,,1,0
41462228,"Croma Venture (The Spiral Wars, #5)",Joel Shepherd,"Shepherd, Joel",,"=""""","=""""",0,4.32,,Kindle Edition,436,2018,2018,,2026/03/06,,,read,,,,1,0
35583546,"Defiance (The Spiral Wars, #4)",Joel Shepherd,"Shepherd, Joel",,"=""""","=""""",0,4.39,,Kindle Edition,484,2017,2017,,2026/03/06,,,read,,,,1,0
32199241,"Kantovan Vault (The Spiral Wars, #3)",Joel Shepherd,"Shepherd, Joel",,"=""""","=""""",0,4.25,CreateSpace Publishing,Kindle Edition,498,2016,2016,,2026/03/06,,,read,,,,1,0
28233370,"Drysine Legacy (The Spiral Wars, #2)",Joel Shepherd,"Shepherd, Joel",,"=""""","=""""",0,4.35,CreateSpace Publishing,Kindle Edition,504,2015,2015,,2026/03/06,,,read,,,,1,0
26031851,"Renegade (The Spiral Wars, #1)",Joel Shepherd,"Shepherd, Joel",,"=""1310986789""","=""9781310986789""",0,4.26,CreateSpace Publishing,Kindle Edition,471,2015,2015,,2026/03/06,,,read,,,,1,0
22328,Neuromancer (Sprawl #1),William Gibson,"Gibson, William",,"=""""","=""""",4,3.89,Ace Books,Mass Market Paperback,271,1985,1984,,2011/10/27,,,read,,,,1,0
8214124,The Pragmatic Programmer: From Journeyman to Master,Andy   Hunt,"Hunt, Andy",Dave         Thomas,"=""0768665086""","=""9780768665086""",4,4.33,Addison-Wesley Professional,Kindle Edition,352,1999,1999,2018/01/06,2018/01/06,,,read,,,,1,0
6389654,Accessible Mathematics: Ten Instructional Shifts That Raise Student Achievement,Steven J. Leinwand,"Leinwand, Steven J.",,"=""0325026564""","=""9780325026565""",4,4.14,HEINEMANN,Paperback,128,2009,2009,,2015/11/30,,,read,,,,1,0
16176560,Amped,Douglas E. Richards,"Richards, Douglas E.",,"=""""","=""""",0,4.15,Paragon Press,Kindle Edition,384,2012,2012,,2023/07/24,,,read,,,,1,0
40881542,"Wired (Wired, #1)",Douglas E. Richards,"Richards, Douglas E.",,"=""0982618484""","=""9780982618486""",0,3.91,Paragon Press,Kindle Edition,358,2012,2005,,2023/07/24,,,read,,,,1,0
60776094,Code 6,James Grippando,"Grippando, James",,"=""0063223783""","=""9780063223783""",4,3.80,Harper,Hardcover,368,2023,2023,,2023/02/11,,,read,,,,1,0
40274582,American Spy,Lauren Wilkinson,"Wilkinson, Lauren",,"=""0812998952""","=""9780812998955""",4,3.49,Random House,Hardcover,292,2019,2019,,2023/02/11,,,read,,,,1,0
31933093,"Blood of Assassins (The Wounded Kingdom, #2)",R.J.  Barker,"Barker, R.J.",,"=""0316466565""","=""9780316466561""",0,4.08,Orbit,Kindle Edition,401,2018,2018,,2022/11/26,,,read,,,,1,0
33296298,"Age of Assassins (The Wounded Kingdom, #1)",R.J.  Barker,"Barker, R.J.",,"=""0316466492""","=""9780316466493""",0,3.95,Orbit,Paperback,408,2017,2017,,2022/11/23,,,read,,,,1,0
41145585,"The Paris Diversion (Kate Moore, #2)",Chris  Pavone,"Pavone, Chris",,"=""""","=""""",0,3.53,Crown,Kindle Edition,379,2019,2019,,2022/10/20,,,read,,,,1,0
19161852,"The Fifth Season (The Broken Earth, #1)",N.K. Jemisin,"Jemisin, N.K.",,"=""""","=""""",4,4.28,Orbit,Paperback,468,2015,2015,,2022/10/15,,,read,,,,1,0
22737649,Extinction Game (The Apocalypse #1),Gary Gibson,"Gibson, Gary",,"=""0230772706""","=""9780230772700""",4,3.75,Tor,Hardcover,341,2014,2014,,2022/10/15,,,read,,,,1,0
12617758,"The Expats (Kate Moore, #1)",Chris  Pavone,"Pavone, Chris",,"=""0307956350""","=""9780307956354""",5,3.52,Crown,Hardcover,326,2012,2012,,2022/10/01,,,read,,,,1,0
58425872,The Saboteur (Jude Lyon #2),Simon Conway,"Conway, Simon",,"=""1529334292""","=""9781529334296""",0,4.21,Hodder & Stoughton,Hardcover,384,2021,,,2022/09/21,,,read,,,,1,0
52083714,The Stranger (Jude Lyon #1),Simon Conway,"Conway, Simon",,"=""""","=""""",0,4.02,Hodder & Stoughton,Kindle Edition,340,2020,,,2022/09/19,,,read,,,,1,0
25814492,An Honorable Man (George Mueller #1),Paul Vidich,"Vidich, Paul",,"=""1501110381""","=""9781501110382""",0,3.81,Atria/Emily Bestler Books,Hardcover,278,2016,2016,,2022/09/18,,,read,,,,1,0
13642710,"Nexus (Nexus, #1)",Ramez Naam,"Naam, Ramez",ARGH! Oxford,"=""0857662937""","=""9780857662934""",0,4.04,Angry Robot,Paperback,460,2012,2012,,2022/09/14,,,read,,,,1,0
15808659,Kill Decision,Daniel Suarez,"Suarez, Daniel",,"=""0451417704""","=""9780451417701""",0,3.98,Dutton,Mass Market Paperback,512,2013,2012,,2022/09/14,,,read,,,,1,0
32682,"Patriot Games (Jack Ryan, #1)",Tom Clancy,"Clancy, Tom",,"=""0425134350""","=""9780425134351""",0,4.17,Berkley,Mass Market Paperback,794,1992,1987,,2022/09/14,,,read,,,,1,0
976,Deception Point,Dan    Brown,"Brown, Dan",,"=""0671027387""","=""9780671027384""",0,3.77,Pocket Books,Paperback,556,2002,2001,,2022/09/14,,,read,,,,1,0
960,"Angels & Demons (Robert Langdon, #1)",Dan    Brown,"Brown, Dan",,"=""1416524797""","=""9781416524793""",0,3.96,Pocket Books,Paperback,736,2006,2000,,2022/09/14,,,read,,,,1,0
11125,Digital Fortress,Dan    Brown,"Brown, Dan",,"=""""","=""""",0,3.71,Corgi books,Paperback,510,2004,1998,,2022/09/14,,,read,,,,1,0
830,Snow Crash,Neal Stephenson,"Stephenson, Neal",,"=""0553380958""","=""9780553380958""",0,4.01,Bantam Books,Paperback,438,2000,1992,,2022/09/14,,,read,,,,1,0
18007564,The Martian,Andy Weir,"Weir, Andy",,"=""0804139024""","=""9780804139021""",0,4.42,Crown Publishers,Hardcover,369,2014,2011,,2022/09/14,,,read,,,,1,0
4699575,"Daemon (Daemon, #1)",Leinad Zeraus,"Zeraus, Leinad",Daniel Suarez,"=""0525951113""","=""9780525951117""",0,4.16,Dutton Adult,Hardcover,432,2009,2006,,2022/09/14,,,read,,,,1,0
45154547,"A Desolation Called Peace (Teixcalaan, #2)",Arkady Martine,"Martine, Arkady",,"=""125018648X""","=""9781250186485""",0,4.30,Tor Books,Kindle Edition,496,2021,2021,,2022/09/13,,,read,,,,1,0
27833670,Dark Matter,Blake Crouch,"Crouch, Blake",,"=""1101904224""","=""9781101904220""",0,4.13,Ballantine Books,Hardcover,342,2016,2016,,2022/09/03,,,read,,,,1,0
37794149,"A Memory Called Empire (Teixcalaan, #1)",Arkady Martine,"Martine, Arkady",,"=""1529001587""","=""9781529001587""",0,4.10,Tor,Paperback,448,2019,2019,,2022/09/03,,,read,,,,1,0
54493401,Project Hail Mary,Andy Weir,"Weir, Andy",,"=""0593135202""","=""9780593135204""",4,4.50,Ballantine Books,Hardcover,476,2021,2021,,2022/09/03,,,read,,,,1,0
56179360,Light from Uncommon Stars,Ryka Aoki,"Aoki, Ryka",,"=""1250789060""","=""9781250789068""",5,4.03,Tor Books,Hardcover,384,2021,2021,,2022/09/03,,,read,,,,1,0
24477404,Ethics: with The Treatise on the Emendation of the Intellect and Selected Letters (Hackett Classics),Baruch Spinoza,"Spinoza, Baruch","Seymour Feldman, Samuel Shirley","=""1624662951""","=""9781624662959""",0,4.17,"Hackett Publishing Company, Inc.",Kindle Edition,308,1992,1883,,2022/08/16,,,read,,,,1,0
55535618,"Locklands (The Founders Trilogy, #3)",Robert Jackson Bennett,"Bennett, Robert Jackson",,"=""""","=""""",0,4.01,Del Rey Books,Kindle Edition,544,2022,2022,,2022/08/05,,,read,,,,1,0
1013806,Learning Revolution,Gordon Dryden,"Dryden, Gordon",Jeannette Vos,"=""185539085X""","=""9781855390850""",1,4.07,Network Educational Press Ltd,Paperback,544,2001,1994,,2015/11/30,,,read,,,,1,0
29475447,"A Closed and Common Orbit (Wayfarers, #2)",Becky Chambers,"Chambers, Becky",,"=""1473621445""","=""9781473621442""",0,4.37,Hodder & Stoughton,Hardcover,365,2016,2016,,2022/07/25,,,read,,,,1,0
22733729,"The Long Way to a Small, Angry Planet (Wayfarers, #1)",Becky Chambers,"Chambers, Becky",,"=""1500453307""","=""9781500453305""",0,4.17,CreateSpace Independent Publishing Platform ,Paperback,518,2014,2014,,2022/07/25,,,read,,,,1,0
37173847,"Foundryside (The Founders Trilogy, #1)",Robert Jackson Bennett,"Bennett, Robert Jackson",,"=""1524760374""","=""9781524760373""",0,4.16,Crown,Kindle Edition,501,2018,2018,,2022/07/24,,,read,,,,1,0
57640065,"Reaper (Cradle, #10)",Will Wight,"Wight, Will",,"=""""","=""""",0,4.66,Hidden Gnome Publishing,Kindle Edition,465,2021,2021,,2022/07/22,,,read,,,,1,0
55595995,"Bloodline (Cradle, #9)",Will Wight,"Wight, Will",,"=""""","=""""",0,4.50,Hidden Gnome Publishing,Kindle Edition,378,2021,2021,,2022/07/22,,,read,,,,1,0
55423083,"Wintersteel (Cradle, #8)",Will Wight,"Wight, Will",,"=""""","=""""",0,4.68,Hidden Gnome Publishing,Paperback,540,2020,2020,,2022/07/22,,,read,,,,1,0
36332410,"Skysworn (Cradle, #4)",Will Wight,"Wight, Will",,"=""""","=""""",0,4.37,Hidden Gnome Publishing,Kindle Edition,292,2017,2017,,2022/07/22,,,read,,,,1,0
50789354,"Uncrowned (Cradle, #7)",Will Wight,"Wight, Will",,"=""""","=""""",0,4.56,Hidden Gnome Publishing,Kindle Edition,336,2019,2019,,2022/07/22,,,read,,,,1,0
43895031,"Underlord (Cradle, #6)",Will Wight,"Wight, Will",,"=""""","=""""",0,4.61,Hidden Gnome Publishing,Kindle Edition,400,2019,2019,,2022/07/22,,,read,,,,1,0
40280403,"Ghostwater (Cradle, #5)",Will Wight,"Wight, Will",,"=""""","=""""",0,4.55,Hidden Gnome Publishing,Kindle Edition,310,2018,2018,,2022/07/22,,,read,,,,1,0
59515764,"Dreadgod (Cradle, #11)",Will Wight,"Wight, Will",,"=""""","=""""",0,4.62,Hidden Gnome Publishing,Kindle Edition,464,2022,2022,,2022/07/22,,,read,,,,1,0
33413128,"Beartown (Beartown, #1)",Fredrik Backman,"Backman, Fredrik",Neil Smith,"=""""","=""""",0,4.29,Simon & Schuster,ebook,432,2017,2016,,2022/07/15,,,read,,,,1,0
35023786,"Blackflame (Cradle, #3)",Will Wight,"Wight, Will",,"=""""","=""""",3,4.50,Hidden Gnome Publishing,Kindle Edition,370,2017,2017,,2022/07/09,,,read,,,,1,0
32283608,"Soulsmith (Cradle, #2)",Will Wight,"Wight, Will",,"=""""","=""""",3,4.32,Hidden Gnome Publishing,Kindle Edition,284,2016,2016,,2022/07/09,,,read,,,,1,0
30558257,"Unsouled (Cradle, #1)",Will Wight,"Wight, Will",,"=""""","=""""",3,4.14,Hidden Gnome Publishing,Kindle Edition,294,2016,2016,,2022/07/09,,,read,,,,1,0
22816087,Seveneves,Neal Stephenson,"Stephenson, Neal",,"=""""","=""""",0,4.00,William Morrow,Kindle Edition,872,2015,2015,,2022/06/27,,,read,,,,1,0
20518872,"The Three-Body Problem (Remembrance of Earth’s Past, #1)",Liu Cixin,"Cixin, Liu",Ken Liu,"=""""","=""""",0,4.08,Tor Books,Hardcover,472,2014,2006,,2022/06/27,,,read,,,,1,0
17333324,"Ancillary Justice (Imperial Radch, #1)",Ann Leckie,"Leckie, Ann",,"=""""","=""""",0,3.99,Orbit,Paperback,386,2013,2013,,2022/06/27,,,read,,,,1,0
49628,Cloud Atlas,David  Mitchell,"Mitchell, David",,"=""0375507256""","=""9780375507250""",3,4.01,Random House,Paperback,509,2004,2004,,2022/06/27,,,read,,,,1,0
40445,"Altered Carbon (Takeshi Kovacs, #1)",Richard K. Morgan,"Morgan, Richard K.",,"=""0345457692""","=""9780345457691""",3,4.03,Del Rey / Ballantine Books,Mass Market Paperback,526,2006,2002,,2022/06/27,,,read,,,,1,0
38668459,"The Sound of Echoes (Speed of Sound Thriller, #2)",Eric Bernt,"Bernt, Eric",,"=""1503959562""","=""9781503959569""",4,4.38,Thomas & Mercer,Kindle Edition,412,2019,2019,,2022/06/27,,,read,,,,1,0
60151185,The Pathless Path: Imagining a New Story For Work and Life (The Pathless Path Collection Book 1),Paul  Millerd,"Millerd, Paul",,"=""""","=""9798985515343""",5,3.98,Pathless Publishing,Kindle Edition,222,2022,2022,,2022/06/25,,,read,,,,1,0
38198054,The Speed of Sound (Speed of Sound Thrillers #1),Eric Bernt,"Bernt, Eric",,"=""1503934284""","=""9781503934283""",4,4.12,Thomas & Mercer,Kindle Edition,412,2018,2018,,2022/06/25,,,read,,,,1,0
36458711,Bandwidth (Analog #1),Eliot Peper,"Peper, Eliot",,"=""1612184529""","=""9781612184524""",0,3.61,47North,Kindle Edition,272,2018,2018,,2022/06/14,,,read,,,,1,0
36463554,Darknet,Matthew Mather,"Mather, Matthew",,"=""""","=""""",3,3.96,,Unknown Binding,346,2015,2015,,2022/06/12,,,read,,,,1,0
45032425,The Rift (Solar System #3),Brandon Q. Morris,"Morris, Brandon Q.",,"=""""","=""""",2,3.87,Hard-SF.com,Kindle Edition,382,2019,2018,,2022/06/11,,,read,,,,1,0
50520939,"The Atlas Six (The Atlas, #1)",Olivie Blake,"Blake, Olivie",,"=""""","=""""",3,3.54,,Kindle Edition,376,2020,2020,,2022/05/21,,,read,,,,1,0
38322550,"The Last Emperox (The Interdependency, #3)",John Scalzi,"Scalzi, John",Wil Wheaton,"=""""","=""""",0,4.14,Audible Studios,Hardcover,320,2020,2020,,2022/05/15,,,read,,,,1,0
34942741,"The Consuming Fire (The Interdependency, #2)",John Scalzi,"Scalzi, John",,"=""""","=""""",0,4.22,Tor Books,Kindle Edition,304,2018,2018,,2022/05/15,to-read,to-read (#1),to-read,,,,0,0
30078567,"The Collapsing Empire (The Interdependency, #1)",John Scalzi,"Scalzi, John",,"=""0765388898""","=""9780765388896""",3,4.13,Tor Books,ebook,336,2017,2017,,2022/05/15,,,read,,,,1,0
58145670,Courage Is Calling: Fortune Favors the Brave,Ryan Holiday,"Holiday, Ryan",,"=""0593191676""","=""9780593191675""",3,4.03,Portfolio,Hardcover,278,2021,2021,,2022/04/30,,,read,,,,1,0
55481226,"Rabbits (Rabbits, #1)",Terry Miles,"Miles, Terry",,"=""1984819658""","=""9781984819659""",4,3.63,Del Rey,Hardcover,422,2021,2021,,2022/04/24,,,read,,,,1,0
24504151,The Art of Taking Action: Lessons from Japanese Psychology,Gregg Krech,"Krech, Gregg",,"=""0982427387""","=""9780982427385""",3,3.88,ToDo Institute,Paperback,236,2014,2014,,2022/04/16,,,read,,,,1,0
40538564,"True Believer (Terminal List, #2)",Jack Carr,"Carr, Jack",,"=""1501180843""","=""9781501180842""",3,4.35,Atria/Emily Bestler Books,Hardcover,485,2019,2019,,2022/04/15,,,read,,,,1,0
39217756,Here and Now and Then,Mike Chen,"Chen, Mike",,"=""0778369048""","=""9780778369042""",3,3.77,MIRA,Hardcover,336,2019,2019,,2022/04/06,,,read,,,,1,0
35297106,"The Terminal List (Terminal List, #1)",Jack Carr,"Carr, Jack",,"=""1501180819""","=""9781501180811""",4,4.29,Atria/Emily Bestler Books,Hardcover,407,2018,2018,,2022/04/02,,,read,,,,1,0
43301353,"The Space Between Worlds (The Space Between Worlds, #1)",Micaiah Johnson,"Johnson, Micaiah",,"=""""","=""""",4,3.93,Crown,,336,2020,2020,,2022/03/30,,,read,,,,1,0
24611819,"The Peripheral (Jackpot, #1)",William Gibson,"Gibson, William",,"=""0425276236""","=""9780425276235""",3,3.89,Berkley,Paperback,485,2015,2014,,2022/03/26,,,read,,,,1,0
52381417,"The Relentless Moon (Lady Astronaut Universe, #3)",Mary Robinette Kowal,"Kowal, Mary Robinette",,"=""1250236967""","=""9781250236968""",4,4.35,Tor Books,Paperback,544,2020,2020,,2022/03/19,,,read,,,,1,0
43562764,"Unnatural Magic (Unnatural Magic, #1)",C.M. Waggoner,"Waggoner, C.M.",,"=""1984805843""","=""9781984805843""",3,3.80,Ace,Paperback,388,2019,2019,,2022/03/14,,,read,,,,1,0
53799686,Anxious People,Fredrik Backman,"Backman, Fredrik",Neil   Smith,"=""1982121602""","=""9781982121600""",4,4.16,Simon & Schuster Canada,Paperback,336,2020,2019,,2022/03/13,,,read,,,,1,0
33081262,"The Fated Sky (Lady Astronaut Universe, #2)",Mary Robinette Kowal,"Kowal, Mary Robinette",,"=""076539894X""","=""9780765398949""",4,4.26,Tor Books,Paperback,384,2018,2018,,2022/03/13,,,read,,,,1,0
33080122,"The Calculating Stars (Lady Astronaut Universe, #1)",Mary Robinette Kowal,"Kowal, Mary Robinette",,"=""""","=""""",4,3.95,Tor Books,Paperback,431,2018,2018,,2022/03/06,,,read,,,,1,0
54998240,"Dream First, Details Later: How to Quit Overthinking & Make It Happen!",Ellen Marie Bennett,"Bennett, Ellen Marie",,"=""0593083458""","=""9780593083451""",3,3.76,Portfolio,Hardcover,240,2021,,,2022/03/06,,,read,,,,1,0
954674,"Little Brother (Little Brother, #1)",Cory Doctorow,"Doctorow, Cory",,"=""0765319853""","=""9780765319852""",5,3.92,Tor Teen,Hardcover,382,2008,2008,,2022/03/05,,,read,,,,1,0
18966819,"Golden Son (Red Rising Saga, #2)",Pierce Brown,"Brown, Pierce",,"=""0345539826""","=""9780345539823""",4,4.50,Del Rey,ebook,466,2015,2015,,2022/03/05,,,read,,,,1,0
40591677,Keep Going: 10 Ways to Stay Creative in Good Times and Bad (Austin Kleon),Austin Kleon,"Kleon, Austin",,"=""1523506644""","=""9781523506644""",4,4.26,Workman Publishing Company,Paperback,224,2019,2019,,2022/02/28,,,read,,,,1,0
18290401,Show Your Work!: 10 Ways to Share Your Creativity and Get Discovered,Austin Kleon,"Kleon, Austin",,"=""076117897X""","=""9780761178972""",4,4.08,Workman Publishing Company,Paperback,215,2014,2014,,2022/02/28,,,read,,,,1,0
13099738,Steal Like an Artist: 10 Things Nobody Told You About Being Creative,Austin Kleon,"Kleon, Austin",,"=""0761169253""","=""9780761169253""",5,3.96,Workman Publishing Company,Paperback,160,2012,2012,,2022/02/28,,,read,,,,1,0
40591670,I Will Teach You to Be Rich: No Guilt. No Excuses. No BS. Just a 6-Week Program That Works,Ramit Sethi,"Sethi, Ramit",,"=""1523505745""","=""9781523505746""",0,4.20,Workman Publishing Company,Paperback,352,2019,2009,,2022/02/24,,,read,,,,1,0
11468377,"Thinking, Fast and Slow",Daniel Kahneman,"Kahneman, Daniel",,"=""0374275637""","=""9780374275631""",0,4.17,"Farrar, Straus and Giroux",Hardcover,499,2011,2011,,2022/02/24,,,read,,,,1,0
4894,Who Moved My Cheese?,Spencer Johnson,"Johnson, Spencer",Kenneth H. Blanchard,"=""0091883768""","=""9780091883768""",0,3.87,Vermilion,Hardcover,98,2002,1998,,2022/02/24,,,read,,,,1,0
12609433,The Power of Habit: Why We Do What We Do in Life and Business,Charles Duhigg,"Duhigg, Charles",,"=""1400069289""","=""9781400069286""",0,4.13,Random House,Hardcover,375,2012,2012,,2022/02/24,,,read,,,,1,0
25744928,Deep Work: Rules for Focused Success in a Distracted World,Cal Newport,"Newport, Cal",,"=""1455586692""","=""9781455586691""",0,4.16,Grand Central Publishing,Hardcover,296,2016,2016,,2022/02/24,,,read,,,,1,0
335864,The Practicing Mind: Bringing Discipline and Focus into Your Life,Thomas M. Sterner,"Sterner, Thomas M.",,"=""0977657205""","=""9780977657209""",0,3.96,Mountain Sage,Paperback,170,2006,2006,,2022/02/24,,,read,,,,1,0
13525945,So Good They Can't Ignore You: Why Skills Trump Passion in the Quest for Work You Love,Cal Newport,"Newport, Cal",,"=""1455509108""","=""9781455509102""",0,4.07,Business Plus,Kindle Edition,288,2012,2012,,2022/02/24,,,read,,,,1,0
13589182,Mastery,Robert Greene,"Greene, Robert",,"=""0670024961""","=""9780670024964""",0,4.26,Viking,Hardcover,318,2012,2012,,2022/02/24,,,read,,,,1,0
27036528,Ego Is the Enemy,Ryan Holiday,"Holiday, Ryan",,"=""1591847818""","=""9781591847816""",0,4.13,Portfolio,Hardcover,226,2016,2016,,2022/02/24,,,read,,,,1,0
4865,How to Win Friends & Influence People,Dale Carnegie,"Carnegie, Dale",,"=""""","=""""",0,4.22,Gallery Books,Paperback,288,1998,1936,,2022/02/24,,,read,,,,1,0
26082188,"The Dispatcher (The Dispatcher, #1)",John Scalzi,"Scalzi, John",Zachary Quinto,"=""""","=""""",4,3.98,Audible Studios,Audiobook,3,2016,2016,,2022/02/22,,,read,,,,1,0
9647532,"Fuzzy Nation (Fuzzy Sapiens, #7)",John Scalzi,"Scalzi, John",,"=""0765328542""","=""9780765328540""",4,4.15,Tor Books,Hardcover,303,2011,2011,,2022/02/22,,,read,,,,1,0
13055592,Redshirts,John Scalzi,"Scalzi, John",,"=""0765316994""","=""9780765316998""",4,3.87,Tor Books,ebook,320,2012,2012,,2022/02/22,,,read,,,,1,0
13131706,"The Redeemer (Harry Hole, #6)",Jo Nesbø,"Nesbø, Jo",Don Bartlett,"=""0307595854""","=""9780307595850""",4,4.09,Knopf,Hardcover,397,2013,2005,,2014/10/02,,,read,,,,1,0
2102600,"Zoe's Tale (Old Man's War, #4)",John Scalzi,"Scalzi, John",,"=""0765316986""","=""9780765316981""",0,3.78,Tor Books,Hardcover,335,2008,2008,,2022/02/11,,,read,,,,1,0
15698479,"The Human Division (Old Man's War, #5)",John Scalzi,"Scalzi, John",,"=""0765333511""","=""9780765333513""",0,4.09,Tor Books,Hardcover,431,2013,2013,,2022/02/11,,,read,,,,1,0
88071,"The Last Colony (Old Man's War, #3)",John Scalzi,"Scalzi, John",,"=""0765316978""","=""9780765316974""",0,4.11,Tor Books,Hardcover,320,2007,2007,,2022/02/11,,,read,,,,1,0
239399,"The Ghost Brigades (Old Man's War, #2)",John Scalzi,"Scalzi, John",,"=""0765354063""","=""9780765354068""",0,4.12,Tom Doherty Associates,Mass Market Paperback,343,2007,2006,,2022/02/11,,,read,,,,1,0
36510196,"Old Man's War (Old Man's War, #1)",John Scalzi,"Scalzi, John",,"=""""","=""""",0,4.23,Tor Books,Kindle Edition,318,2007,2005,,2022/02/11,,,read,,,,1,0
57198295,"Innate Magic (The Marrowbone Spells, #1)",Shannon Fay,"Fay, Shannon",,"=""1542032032""","=""9781542032032""",4,3.66,47North,Paperback,373,2021,2021,,2022/01/16,,,read,,,,1,0
58465495,"Evershore (Skyward, #2.3)",Brandon Sanderson,"Sanderson, Brandon",Janci Patterson,"=""""","=""9780593566633""",4,4.34,Delacorte Press,ebook,234,2021,2021,,2022/01/15,,,read,,,,1,0
57903879,"ReDawn (Skyward, #2.2)",Brandon Sanderson,"Sanderson, Brandon",Janci Patterson,"=""0593566629""","=""9780593566626""",4,4.16,Delacorte Press,ebook,229,2021,2021,,2022/01/15,,,read,,,,1,0
57903876,"Sunreach (Skyward, #2.1)",Brandon Sanderson,"Sanderson, Brandon",Janci Patterson,"=""0593566610""","=""9780593566619""",4,4.16,Delacorte Press,ebook,208,2021,2021,,2022/01/15,,,read,,,,1,0
57571215,"Cytonic (Skyward, #3)",Brandon Sanderson,"Sanderson, Brandon",,"=""0399555854""","=""9780399555855""",4,4.05,Delacorte Press,Hardcover,415,2021,2021,,2022/01/15,,,read,,,,1,0
42769202,"Starsight (Skyward, #2)",Brandon Sanderson,"Sanderson, Brandon",,"=""1473217903""","=""9781473217904""",4,4.34,Orion Publishing Co,Paperback,461,2019,2019,,2022/01/15,,,read,,,,1,0
36642458,"Skyward (Skyward, #1)",Brandon Sanderson,"Sanderson, Brandon",,"=""1473217857""","=""9781473217850""",4,4.46,Gollancz,Hardcover,513,2018,2018,,2022/01/15,,,read,,,,1,0
54980905,Safecracker: A Chronicle of the Coolest Job in the World,Dave McOmie,"McOmie, Dave",,"=""1493058517""","=""9781493058518""",4,4.02,Lyons Press,Hardcover,248,2021,,,2022/01/14,,,read,,,,1,0
5470,1984,George Orwell,"Orwell, George",,"=""""","=""""",4,4.20,New American Library,Mass Market Paperback,328,1950,1948,,2011/10/27,,,read,,,,1,0
52190991,"Any Way the Wind Blows (Simon Snow, #3)",Rainbow Rowell,"Rowell, Rainbow",,"=""1250254337""","=""9781250254337""",3,4.10,Wednesday Books,Hardcover,579,2021,2021,,2022/01/14,,,read,,,,1,0
44017627,"Wayward Son (Simon Snow, #2)",Rainbow Rowell,"Rowell, Rainbow",,"=""1250146070""","=""9781250146076""",3,3.90,Wednesday Books,Hardcover,356,2019,2019,,2022/01/14,,,read,,,,1,0
32768522,"Carry On (Simon Snow, #1)",Rainbow Rowell,"Rowell, Rainbow",,"=""1250135028""","=""9781250135025""",4,4.16,Wednesday Books,Paperback,528,2017,2015,,2022/01/14,,,read,,,,1,0
52737899,"Would You Rather Game Book: For Kids 6-12 Years Old: The Book of Silly Scenarios, Challenging Choices, and Hilarious Situations the Whole Family Will Love (Game Book Gift Ideas)",Riddleland,"Riddleland, Riddleland",,"=""""","=""""",2,4.10,,Kindle Edition,114,2019,,2020/11/20,2020/11/20,,,read,,,,1,0
40207839,"The Eighth Sister (Charles Jenkins, #1)",Robert Dugoni,"Dugoni, Robert",,"=""1503958302""","=""9781503958302""",4,4.22,Thomas & Mercer,Kindle Edition,479,2019,2019,2019/04/19,2019/04/19,,,read,,,,1,0
684471,Holding Up a Mirror: How Civilizations Decline,Anne Glyn-Jones,"Glyn-Jones, Anne",,"=""0907845606""","=""9780907845607""",2,3.80,Imprint Academic (Ips),Paperback,652,1996,1996,,2015/11/30,,,read,,,,1,0
3221194,True prayer: An introduction to Christian spirituality,Kenneth Leech,"Leech, Kenneth",,"=""0859692558""","=""9780859692557""",4,4.08,Sheldon Press,Paperback,202,1980,1980,,2015/11/30,,,read,,,,1,0
12391223,Five Practices for Orchestrating Productive Mathematics Discussions,Margaret Schwan Smith,"Smith, Margaret Schwan",Mary Kay Stein,"=""1452202907""","=""9781452202907""",5,4.21,National Council of Teachers of Mathematics,Paperback,104,2011,2011,,2015/11/30,,,read,,,,1,0
9167158,"Start Small, Stay Small: A Developer's Guide to Launching a Startup",Rob Walling,"Walling, Rob",Mike Taber,"=""""","=""9798987746530""",4,3.95,,Kindle Edition,214,,2010,2018/10/23,2018/10/23,,,read,,,,1,0
21847844,Tigerman,Nick Harkaway,"Harkaway, Nick",,"=""""","=""""",5,3.93,Cornerstone Digital,Kindle Edition,355,2014,2014,2018/10/11,2018/10/11,,,read,,,,1,0
41196941,Camper Van Life: How to enjoy campervan road trips in style and be free at last.,Daniel and Rebekah Lopez-Ferreiro,"Lopez-Ferreiro, Daniel and Rebekah",,"=""1999627202""","=""9781999627201""",4,3.75,Sussex Campervans Ltd,Kindle Edition,253,2018,,2018/08/18,2018/08/18,,,read,,,,1,0
1183653,Reflective Teaching: Effective and Evidence-Informed Professional Practice,Andrew Pollard,"Pollard, Andrew","Janet Collins, Neil Simco, Sue Swaffield, Jo Warin, Paul Warwick","=""0826451179""","=""9780826451170""",3,3.61,Continuum Intl Pub Group,Paperback,,2002,2002,,2015/11/30,,,read,,,,1,0
31212350,The Conversation Code: How to Upgrade Your Social Skills and Your Life,Gregory Peart,"Peart, Gregory",,"=""0989890430""","=""9780989890434""",3,3.78,Aurelius Books,Kindle Edition,413,2016,,2017/12/31,2017/12/31,,,read,,,,1,0
35674293,"The Complete Software Developer's Career Guide: How to Learn Your Next Programming Language, Ace Your Programming Interview, and Land The Coding Job Of Your Dreams",John Sonmez,"Sonmez, John",,"=""0999081403""","=""9780999081402""",2,4.02,Simple Programmer,Kindle Edition,798,2017,2017,2017/12/16,2017/12/16,,,read,,,,1,0
28016492,"Time Siege (Time Salvager, #2)",Wesley Chu,"Chu, Wesley",,"=""1466856025""","=""9781466856028""",5,3.91,Tor Books,Kindle Edition,432,2016,2016,2017/11/11,2017/11/11,,,read,,,,1,0
143468,The Little Flowers of Saint Francis (Dover Thrift Editions: Religion),Thomas Okey,"Okey, Thomas",Francis of Assisi,"=""048643186X""","=""9780486431864""",4,4.00,Dover Publications,Paperback,176,2003,1476,,2015/11/30,,,read,,,,1,0
2392264,The Journey: A Guide Book for the Spiritual Life,Eugene H. Peterson,"Peterson, Eugene H.",,"=""0551029773""","=""9780551029774""",5,4.29,Marshall Pickering,Paperback,186,1995,1980,,2015/11/30,,,read,,,,1,0
4406,East of Eden,John Steinbeck,"Steinbeck, John",,"=""0142000655""","=""9780142000656""",5,4.44,Penguin Books,Paperback,601,2002,1952,,2015/11/30,,,read,,,,1,0
17245,Dracula,Bram Stoker,"Stoker, Bram","Rubén Toledo, Nina Auerbach, David J. Skal","=""0393970124""","=""9780393970128""",4,4.02,Norton,Paperback,488,1986,1897,,2015/11/30,,,read,,,,1,0
121749,"Prince Caspian (Chronicles of Narnia, #2)",C.S. Lewis,"Lewis, C.S.",,"=""000720230X""","=""9780007202300""",5,3.98,HarperCollins Publishers,Hardcover,240,2005,1951,,2015/11/30,,,read,,,,1,0
65641,"The Silver Chair (Chronicles of Narnia, #4)",C.S. Lewis,"Lewis, C.S.",Pauline Baynes,"=""""","=""""",5,3.96,HarperCollins,Paperback,243,2008,1953,,2015/11/30,,,read,,,,1,0
45978,"Eldest (The Inheritance Cycle, #2)",Christopher Paolini,"Paolini, Christopher",,"=""0375840400""","=""9780375840401""",4,4.05,Knopf Books for Young Readers,Paperback,704,2007,2005,,2015/11/30,,,read,,,,1,0
84119,"The Horse and His Boy (Chronicles of Narnia, #5)",C.S. Lewis,"Lewis, C.S.",,"=""0439861365""","=""9780439861366""",5,3.91,Scholastic Inc,Paperback,224,1995,1954,,2015/11/30,,,read,,,,1,0
18122,"The Amber Spyglass (His Dark Materials, #3)",Philip Pullman,"Pullman, Philip",,"=""0440238153""","=""9780440238157""",5,4.11,Laurel Leaf,Mass Market Paperback,465,2003,2000,,2015/11/30,,,read,,,,1,0
84369,"The Last Battle (Chronicles of Narnia, #7)",C.S. Lewis,"Lewis, C.S.",,"=""0007202326""","=""9780007202324""",5,4.01,HarperCollins Publishers,Paperback,288,2005,1956,,2015/11/30,,,read,,,,1,0
119324,"The Subtle Knife (His Dark Materials, #2)",Philip Pullman,"Pullman, Philip",,"=""0679879250""","=""9780679879251""",5,4.15,Alfred A. Knopf Books for Young Readers,Hardcover,326,1997,1997,,2015/11/30,,,read,,,,1,0
65605,"The Magician’s Nephew (Chronicles of Narnia, #6)",C.S. Lewis,"Lewis, C.S.",,"=""0060764902""","=""9780060764906""",5,4.06,HarperCollins Narnia,Mass Market Paperback,221,2005,1955,,2015/11/30,,,read,,,,1,0
8852,Macbeth,William Shakespeare,"Shakespeare, William","Folger Shakespeare Library, Barbara A. Mowat, Paul Werstine","=""0743477103""","=""9780743477109""",4,3.89,Simon & Schuster,Mass Market Paperback,249,2013,1623,,2015/11/30,,,read,,,,1,0
1618,The Curious Incident of the Dog in the Night-Time,Mark Haddon,"Haddon, Mark",,"=""1400032717""","=""9781400032716""",4,3.89,Vintage,Paperback,226,2004,2003,,2015/11/30,,,read,,,,1,0
11127,"The Chronicles of Narnia (The Chronicles of Narnia, #1-7)",C.S. Lewis,"Lewis, C.S.",Pauline Baynes,"=""0066238501""","=""9780066238500""",5,4.28,HarperCollins,Paperback,767,2014,1956,,2015/11/30,,,read,,,,1,0
76620,"Watership Down (Watership Down, #1)",Richard  Adams,"Adams, Richard",,"=""038039586X""","=""9780380395866""",3,4.09,Avon Books,Mass Market Paperback,478,1975,1972,,2015/11/30,,,read,,,,1,0
6442769,Paper Towns,John Green,"Green, John",Gázsity Mila,"=""014241493X""","=""9780142414934""",4,3.70,Speak,Paperback,305,2009,2008,,2015/11/30,,,read,,,,1,0
18512,"The Return of the King (The Lord of the Rings, #3)",J.R.R. Tolkien,"Tolkien, J.R.R.",,"=""""","=""""",4,4.58,Del Rey,Mass Market Paperback,404,2003,1955,,2015/11/30,,,read,,,,1,0
15241,"The Two Towers (The Lord of the Rings, #2)",J.R.R. Tolkien,"Tolkien, J.R.R.",Peter S. Beagle,"=""0618346260""","=""9780618346264""",4,4.50,Houghton Mifflin,Paperback,322,1993,1954,,2015/11/30,,,read,,,,1,0
890,Of Mice and Men,John Steinbeck,"Steinbeck, John",,"=""0142000671""","=""9780142000670""",4,3.90,Penguin Books,Paperback,107,2002,1937,,2015/11/30,,,read,,,,1,0
2956,"The Adventures of Huckleberry Finn (Adventures of Tom and Huck, #2)",Mark Twain,"Twain, Mark","Guy Cardwell, E.W. Kemble, John Seelye, Walter Trier, Tom Wilson, William Little Hughes","=""0142437174""","=""9780142437179""",3,3.83,Penguin Classics,Paperback,327,2002,1885,,2015/11/30,,,read,,,,1,0
157993,The Little Prince,Antoine de Saint-Exupéry,"Saint-Exupéry, Antoine de",Richard Howard,"=""0152023984""","=""9780152023980""",3,4.33,"Harcourt, Inc.",Hardcover,96,2000,1943,,2015/11/30,,,read,,,,1,0
11870085,The Fault in Our Stars,John Green,"Green, John",,"=""""","=""""",4,4.12,Dutton Books,Hardcover,313,2012,2012,,2013/04/04,,,read,,,,1,0
2767052,"The Hunger Games (The Hunger Games, #1)",Suzanne Collins,"Collins, Suzanne",,"=""0439023483""","=""9780439023481""",3,4.35,Scholastic Press,Hardcover,374,2008,2008,,2015/11/30,,,read,,,,1,0
7624,Lord of the Flies,William Golding,"Golding, William",,"=""0140283331""","=""9780140283334""",3,3.70,Penguin Books ,Paperback,182,1999,1954,,2015/11/30,,,read,,,,1,0
6,"Harry Potter and the Goblet of Fire (Harry Potter, #4)",J.K. Rowling,"Rowling, J.K.",Mary GrandPré,"=""0439139597""","=""9780439139595""",4,4.57,Scholastic,Paperback,734,2002,2000,,2015/11/30,,,read,,,,1,0
15881,"Harry Potter and the Chamber of Secrets (Harry Potter, #2)",J.K. Rowling,"Rowling, J.K.",Mary GrandPré,"=""""","=""""",4,4.43,Arthur A. Levine Books,Hardcover,352,1999,1998,,2015/11/30,,,read,,,,1,0
5,"Harry Potter and the Prisoner of Azkaban (Harry Potter, #3)",J.K. Rowling,"Rowling, J.K.",Mary GrandPré,"=""043965548X""","=""9780439655484""",4,4.58,Scholastic Inc.,Mass Market Paperback,547,2004,1999,,2015/11/30,,,read,,,,1,0
1,"Harry Potter and the Half-Blood Prince (Harry Potter, #6)",J.K. Rowling,"Rowling, J.K.",,"=""""","=""""",4,4.58,Scholastic Inc,Paperback,652,2006,2005,,2015/11/30,,,read,,,,1,0
1645136,Speaking Our Minds: An Anthology of Personal Experiences of Mental Distress and its Consequences,Jim Read,"Read, Jim",Jill Reynolds,"=""0333678508""","=""9780333678503""",3,3.80,Red Globe Press,Paperback,,1996,1996,,2015/11/30,,,read,,,,1,0
3475658,Mental Health Matters: A Reader,Roger Gomm,"Gomm, Roger",,"=""0333678486""","=""9780333678480""",3,3.89,Macmillan Press Ltd.,Paperback,0,1999,2000,,2015/11/30,,,read,,,,1,0
444327,"Harry Potter and the Order of the Phoenix (Harry Potter, #5)",J.K. Rowling,"Rowling, J.K.",,"=""0747551006""","=""9780747551003""",5,4.50,Bloomsbury Publishing,Hardcover,766,2003,2003,,2015/11/30,,,read,,,,1,0
35234,"Crossroads of Twilight (Wheel of Time, #10)",Robert Jordan,"Jordan, Robert",,"=""1841491837""","=""9781841491837""",5,3.77,Orbit,Mass Market Paperback,818,2003,2003,,2015/11/30,,,read,,,,1,0
541914,"New Spring: A Wheel of Time Novel (Wheel of Time, #0)",Robert Jordan,"Jordan, Robert",,"=""1841492604""","=""9781841492605""",5,4.07,Orbit,Hardcover,334,2004,2004,,2015/11/30,,,read,,,,1,0
11803250,My Fight for Irish Freedom,Dan Breen,"Breen, Dan",,"=""0900068582""","=""9780900068584""",1,4.29,Anvil Books/Mercier Press Ltd.,Paperback,192,1982,1924,,2015/11/30,,,read,,,,1,0
239849,Learning to Teach ICT in the Secondary School: A Companion to School Experience (Learning to Teach Subjects in the Secondary School Series) (Volume 1),Steve Kennewell,"Kennewell, Steve","John         Parkinson, Howard Tanner","=""0415276691""","=""9780415276696""",2,2.80,Routledge,Paperback,240,2002,2002,,2015/11/30,,,read,,,,1,0
1104840,Living the GI Diet,Rick Gallop,"Gallop, Rick",,"=""0753508826""","=""9780753508824""",2,3.61,Virgin Hardbacks,Paperback,192,2004,2003,,2015/11/30,,,read,,,,1,0
822993,"A Game of Thrones (A Song of Ice and Fire, #1)",George R.R. Martin,"Martin, George R.R.",,"=""000647988X""","=""9780006479888""",5,4.45,Voyager Books,Paperback,864,2009,1996,,2015/11/30,,,read,,,,1,0
1231809,"Knife of Dreams (Wheel of Time, #11)",Robert Jordan,"Jordan, Robert",,"=""1841491632""","=""9781841491639""",5,4.20,Orbit,Hardcover,783,2005,2005,,2015/11/30,,,read,,,,1,0
2295555,The Teacher's Toolkit,Paul Ginnis,"Ginnis, Paul",,"=""1899836764""","=""9781899836765""",4,4.24,Crown House Publishing,Paperback,376,2002,2001,,2015/11/30,,,read,,,,1,0
21981062,Aqa Modular Gcse Maths Coursework Companion,T Senior,"Senior, T",,"=""0582795990""","=""9780582795990""",2,2.00,Pearson Schools,Paperback,64,2003,2003,,2015/11/30,,,read,,,,1,0
7492871,Coursework Techniques for GCSE Maths,Steve Cavill,"Cavill, Steve",,"=""0521677874""","=""9780521677875""",2,2.00,Cambridge University Press,Paperback,112,2006,2005,,2015/11/30,,,read,,,,1,0
1853336,A Teacher's Guide to Classroom Research,David   Hopkins,"Hopkins, David",,"=""033521004X""","=""9780335210046""",5,3.29,Open University Press,Paperback,211,2002,1985,,2015/11/30,,,read,,,,1,0
674961,The Church and the Homosexual,John J. McNeill,"McNeill, John J.",,"=""0807079316""","=""9780807079317""",2,4.00,Beacon Press,Paperback,288,1993,1976,,2015/11/30,,,read,,,,1,0
401802,Theology Of The Body For Beginners,Christopher West,"West, Christopher",,"=""1932645349""","=""9781932645347""",2,4.29,Ascension Pr,Paperback,151,2004,2003,,2015/11/30,,,read,,,,1,0
313819,Greek for the Rest of Us,William D. Mounce,"Mounce, William D.",,"=""0310234859""","=""9780310234852""",2,4.06,Zondervan,Hardcover,320,2003,2003,,2015/11/30,,,read,,,,1,0
102124,The Life of Moses,Gregory of Nyssa,"Nyssa, Gregory of","Everett Ferguson, Abraham J. Malherbe","=""0060754648""","=""9780060754648""",4,4.29,HarperOne,Paperback,132,2006,390,,2015/11/30,,,read,,,,1,0
4375717,Deeper Experiences of Famous Christians,James Gilchrist Lawson,"Lawson, James Gilchrist",,"=""0883685175""","=""9780883685174""",2,4.11,Whitaker House,Paperback,268,1998,1981,,2015/11/30,,,read,,,,1,0
27037,Confessions,Augustine of Hippo,"Hippo, Augustine of","Henry Chadwick, Albert Cook Outler, Temple Scott","=""0192833723""","=""9780192833723""",4,4.00,Oxford University Press,Paperback,341,1998,400,,2015/11/30,,,read,,,,1,0
896103,Getting Things Done: How To Achieve Stress-free Productivity,David    Allen,"Allen, David",,"=""0749922648""","=""9780749922641""",5,4.00,Piatkus,Paperback,267,2001,2001,,2015/11/30,,,read,,,,1,0
4683903,With Christ in the School of Prayer,Andrew Murray,"Murray, Andrew",,"=""0913367567""","=""9780913367568""",4,4.39,Whitaker House,Paperback,238,1981,1885,,2015/11/30,,,read,,,,1,0
53954,A Call to Spiritual Reformation: Priorities from Paul and His Prayers,D.A. Carson,"Carson, D.A.",,"=""0851109764""","=""9780851109763""",5,4.37,Baker Academic,Paperback,230,2009,1992,,2015/11/30,,,read,,,,1,0
539388,Systematic Theology : An Introduction to Biblical Doctrine,Wayne Grudem,"Grudem, Wayne",,"=""0851106528""","=""9780851106526""",2,4.23,Zondervan,Hardcover,1264,1994,1994,,2015/11/30,,,read,,,,1,0
820343,"Harry Potter and the Deathly Hallows (Harry Potter, #7)",J.K. Rowling,"Rowling, J.K.",,"=""0747591059""","=""9780747591054""",5,4.62,Bloomsbury Publishing,Hardcover,607,2007,2007,,2015/11/30,,,read,,,,1,0
20969798,Maths Challenge (Bk.2),Tony Gardiner,"Gardiner, Tony",,"=""0199147787""","=""9780199147786""",3,3.00,Oxford University Press,Paperback,112,2000,2005,,2015/11/30,,,read,,,,1,0
4006947,Maths Challenge (Bk.1),Tony  Gardiner,"Gardiner, Tony",,"=""0199147779""","=""9780199147779""",3,3.50,Oxford Schools,Paperback,96,2000,2006,,2015/11/30,,,read,,,,1,0
567610,How to Read a Book: The Classic Guide to Intelligent Reading,Mortimer J. Adler,"Adler, Mortimer J.",Charles van Doren,"=""""","=""""",5,3.98,"Simon & Schuster, Inc",Paperback,442,1972,1940,,2015/11/30,,,read,,,,1,0
929964,Lectures to My Students,Charles Haddon Spurgeon,"Spurgeon, Charles Haddon",,"=""0310329116""","=""9780310329114""",4,4.47,Zondervan,Paperback,443,1979,1889,,2015/11/30,,,read,,,,1,0
743697,The Soulwinner,Charles Haddon Spurgeon,"Spurgeon, Charles Haddon",,"=""0883687097""","=""9780883687093""",4,4.47,Whitaker House,Paperback,288,2001,1895,,2015/11/30,,,read,,,,1,0
908532,A Passion for Holiness in a Believer's Life (Believer's Life Series),Charles Haddon Spurgeon,"Spurgeon, Charles Haddon",,"=""1883002079""","=""9781883002077""",4,4.46,Emerald Books,Paperback,192,1999,1999,,2015/11/30,,,read,,,,1,0
1190036,"Knife of Dreams (Wheel of Time, #11)",Robert Jordan,"Jordan, Robert",,"=""1841492280""","=""9781841492285""",4,4.20,Orbit,Mass Market Paperback,813,2006,2005,,2015/11/30,,,read,,,,1,0
998365,"Secrets of the Setters: How to Solve the "" Guardian "" Crossword (Guardian)",Hugh Stephenson,"Stephenson, Hugh",,"=""1843544695""","=""9781843544692""",4,3.65,Guardian Books,Paperback,,2007,2005,,2015/11/30,,,read,,,,1,0
27567242,The Mystery of Providence,John Flavel,"Flavel, John",Michael Boland,"=""085151104X""","=""9780851511047""",3,4.50,Banner of Truth,Paperback,221,1963,1678,,2015/11/30,,,read,,,,1,0
446505,The Godly Man's Picture,Thomas Watson,"Watson, Thomas",,"=""0851515959""","=""9780851515953""",3,4.46,Banner of Truth,Paperback,256,1992,1987,,2015/11/30,,,read,,,,1,0
1958785,Do Hard Things: A Teenage Rebellion Against Low Expectations,Alex  Harris,"Harris, Alex","Brett Harris, Chuck Norris","=""1601421125""","=""9781601421128""",3,4.04,Multnomah,Hardcover,242,2008,2008,,2015/11/30,,,read,,,,1,0
20602676,The Bruised Reed,Richard Sibbes,"Sibbes, Richard",,"=""0851517404""","=""9780851517407""",3,4.44,Banner of Truth Trust,Paperback,128,1998,1630,,2015/11/30,,,read,,,,1,0
1091125,Behaviour Management Pocketbook (Teachers' Pocketbooks),Peter  Hook,"Hook, Peter",Andy Vass,"=""1903776597""","=""9781903776599""",3,3.90,Management Pocketbooks,Paperback,,2004,2004,,2015/11/30,,,read,,,,1,0
1091127,Creative Teaching Pocketbook (Teachers' Pocketbooks),Roy Watson-Davis,"Watson-Davis, Roy",Phil Hailstone,"=""1903776627""","=""9781903776629""",3,3.48,Management Pocketbooks,Paperback,,2004,2004,,2015/11/30,,,read,,,,1,0
4011163,Signs of the Apostles,Walter J. Chantry,"Chantry, Walter J.",,"=""0851511759""","=""9780851511757""",3,3.88,Banner of Truth,Paperback,102,1973,1973,,2015/11/30,,,read,,,,1,0
737584,Baptism And Fullness: The Work of the Holy Spirit Today (IVP Classics),John R.W. Stott,"Stott, John R.W.",,"=""0830834028""","=""9780830834020""",4,4.20,IVP,Paperback,154,2006,1964,,2015/11/30,,,read,,,,1,0
1514192,Search the Scriptures: A Three-Year Daily Devotional Guide to the Whole Bible,Alan M. Stibbs,"Stibbs, Alan M.",,"=""0830811206""","=""9780830811205""",5,4.49,IVP,Paperback,541,2004,1967,,2015/11/30,,,read,,,,1,0
1858013,The Reason for God: Belief in an Age of Skepticism,Timothy J. Keller,"Keller, Timothy J.",,"=""0525950494""","=""9780525950493""",4,4.23,Dutton,Hardcover,293,2008,2008,,2015/11/30,,,read,,,,1,0
1120,Body for Life: 12 Weeks to Mental and Physical Strength,Bill Phillips,"Phillips, Bill",Michael D'Orso,"=""0060193395""","=""9780060193393""",3,3.74,"HarperCollins Publishers, Inc.",Hardcover,201,1999,1999,,2015/11/30,,,read,,,,1,0
21199712,NEWTON FAULKNER: HAND BUILT BY ROBOTS GUITARE (Tab),Dick Arthur,"Arthur, Dick",,"=""1847724477""","=""9781847724472""",5,4.67,MUSIC SALES,Paperback,88,2008,2008,,2015/11/30,,,read,,,,1,0
844708,Our Mutual Friend,Charles Dickens,"Dickens, Charles",Marcus Stone,"=""1853261947""","=""9781853261947""",2,4.09,Wordsworth Editions Ltd,Paperback,794,1998,1865,,2015/11/30,,,read,,,,1,0
4040988,"Child 44 (Leo Demidov,  #1)",Tom Rob Smith,"Smith, Tom Rob",,"=""1847391591""","=""9781847391599""",2,4.11,Pocket Books UK,Paperback,470,2009,2008,,2015/11/30,,,read,,,,1,0
6865116,Running Is Easy,Bruce Tulloh,"Tulloh, Bruce",,"=""0002187310""","=""9780002187312""",3,3.86,Harpercollins Pub Ltd,Paperback,192,1999,1999,,2015/11/30,,,read,,,,1,0
4988931,The Wonderful Weekend Book,Elspeth Thompson,"Thompson, Elspeth",,"=""1848540469""","=""9781848540460""",4,3.76,John Murray,Hardcover,352,2008,2008,,2015/11/30,,,read,,,,1,0
6390995,Leaving Homosexuality: A Practical Guide for Men and Women Looking for a Way Out,Alan Chambers,"Chambers, Alan",,"=""0736926100""","=""9780736926102""",1,3.00,Harvest House Publishers,Paperback,160,2009,2009,,2015/11/30,,,read,,,,1,0
618683,Rough Guide to Pregnancy and Birth,Kaz Cooke,"Cooke, Kaz",,"=""1843536846""","=""9781843536840""",1,3.87,ROUGH GUIDES (PENG),Paperback,421,2006,1999,,2015/11/30,,,read,,,,1,0
817655,Toxic Childhood: How the Modern World is Damaging Our Children and What We Can Do About It,Sue Palmer,"Palmer, Sue",,"=""0752880918""","=""9780752880914""",4,3.97,Orion,Paperback,368,2007,2003,,2015/11/30,,,read,,,,1,0
7811877,Teach Like a Champion: 49 Techniques that Put Students on the Path to College,Doug Lemov,"Lemov, Doug",,"=""0470550473""","=""9780470550472""",4,4.01,Jossey-Bass,Paperback,332,2010,2010,,2015/11/30,,,read,,,,1,0
242511,Take and Read: Spiritual Reading (An Annotated List),Eugene H. Peterson,"Peterson, Eugene H.",,"=""0802840965""","=""9780802840967""",4,4.15,Wm. B. Eerdmans-Lightning Source,Paperback,136,1995,1995,,2015/11/30,,,read,,,,1,0
6943773,Grace and Mortgage: The Language of Faith and the Debt of the World,Peter Selby,"Selby, Peter",,"=""0232521700""","=""9780232521702""",2,3.20,Darton Longman & Todd,Paperback,208,1997,1899,,2015/11/30,,,read,,,,1,0
8474155,"The Wavewatcher's Companion by Pretor-Pinney, Gavin (2010) Hardcover",Gavin Pretor-Pinney,"Pretor-Pinney, Gavin",,"=""0747589763""","=""9780747589761""",3,3.86,Bloomsbury Publishing PLC,Hardcover,336,2010,2010,,2015/11/30,,,read,,,,1,0
840751,The No.1 Ladies' Detective Agency,Alexander McCall Smith,"Smith, Alexander McCall",,"=""1405500018""","=""9781405500012""",1,3.81,Hachette Audio,Audio CD,1,2003,1998,,2015/11/30,,,read,,,,1,0
9461338,What Did You Expect?: Redeeming the Realities of Marriage,tripp-paul-david,"tripp-paul-david, tripp-paul-david",,"=""1844744744""","=""9781844744749""",4,4.31,Inter-Varsity Press,Paperback,288,2010,2010,,2015/11/30,,,read,,,,1,0
28018882,Mathematics counts: Report of the Committee of Inquiry into the Teaching of Mathematics in Schools under the chairmanship of W.H. Cockcroft,Education & Science Dept.of,"Dept.of, Education & Science",,"=""0112705227""","=""""",3,3.00,Stationery Office Books,Paperback,311,1982,,,2015/11/30,,,read,,,,1,0
5060799,National Curricula in Mathematics,Geoffrey Howson,"Howson, Geoffrey",,"=""0906588219""","=""9780906588215""",1,1.00,MATHEMATICAL ASSOC LONDON,Paperback,24,1991,,,2015/11/30,,,read,,,,1,0
3512040,One Man and His Dig: Adventures of an Allotment Novice,Valentine Low,"Low, Valentine",,"=""1847391281""","=""9781847391285""",2,3.78,Simon & Schuster UK,Paperback,288,2008,2008,,2015/11/30,,,read,,,,1,0
3232844,Vegetable Growing Month by Month,John   Harrison,"Harrison, John",,"=""0716021897""","=""9780716021896""",3,3.86,Right Way,Paperback,256,2008,2008,,2015/11/30,,,read,,,,1,0
3401200,Complete Book Bread & Bread Mach,Christine Ingram,"Ingram, Christine",,"=""1844771849""","=""9781844771844""",5,4.12,Hermes House,Paperback,512,2005,2003,,2015/11/30,,,read,,,,1,0
5267758,Many Ways for Cooking Eggs,Sarah Tyson Heston Rorer,"Rorer, Sarah Tyson Heston",,"=""""","=""""",1,3.46,,Kindle Edition,,,1907,,2015/11/30,,,read,,,,1,0
7985893,"Cooking for Geeks: Real Science, Great Hacks, and Good Food",Jeff Potter,"Potter, Jeff",,"=""0596805888""","=""9780596805883""",4,4.05,O'Reilly Media,Paperback,412,2010,2007,,2015/11/30,,,read,,,,1,0
8370280,"Seriously Funny: Life, Love and God...musings Between Two Good Friends",Adrian Plass,"Plass, Adrian",Jeff Lucas,"=""1850788693""","=""9781850788690""",4,4.08,Authentic Bibles,Paperback,168,2010,2010,,2015/11/30,,,read,,,,1,0
1013382,The Snail and the Whale,Julia Donaldson,"Donaldson, Julia",Axel Scheffler,"=""033398224X""","=""9780333982242""",5,4.38,MacMillan Children's Books,Paperback,32,2005,2003,,2015/11/30,,,read,,,,1,0
928967,The Smartest Giant in Town,Julia Donaldson,"Donaldson, Julia",Axel Scheffler,"=""0333963962""","=""9780333963968""",5,4.22,Pan Childrens,Paperback,32,2003,2002,,2015/11/30,,,read,,,,1,0
7934878,Freddy the Frog,Axel Scheffler,"Scheffler, Axel",,"=""0230742696""","=""9780230742697""",4,3.95,Campbell Books,Vinyl Bound,10,2011,2005,,2015/11/30,,,read,,,,1,0
226369,Stasiland: Stories from Behind the Berlin Wall,Anna Funder,"Funder, Anna",,"=""1862076553""","=""9781862076556""",1,4.20,Granta ,Paperback,328,2004,2003,,2015/11/30,,,read,,,,1,0
138397,"The Walking Dead, Vol. 4: The Heart's Desire",Robert Kirkman,"Kirkman, Robert","Charlie Adlard, Cliff Rathburn","=""1582405301""","=""9781582405308""",4,4.19,Image Comics,Paperback,136,2005,2005,,2015/11/30,,,read,,,,1,0
3930535,Mathematical Modeling,J.G. Andrews,"Andrews, J.G.",,"=""0408106018""","=""9780408106016""",2,2.50,Butterworth-Heinemann,Paperback,260,1976,,,2015/11/30,,,read,,,,1,0
1572659,Every Minute Counts: Making Your Math Class Work,David R. Johnson,"Johnson, David R.",,"=""0866510818""","=""9780866510813""",3,4.32,Dale Seymour Publications,Paperback,66,1990,1982,,2015/11/30,,,read,,,,1,0
4299636,Motivation Counts: Teaching Techniques That Work,David R. Johnson,"Johnson, David R.",,"=""0866517405""","=""9780866517409""",3,3.82,Dale Seymour Publications,Paperback,98,1994,1992,,2015/11/30,,,read,,,,1,0
1572658,Making Minutes Count Even More: A Sequel to 'Every Minute Counts',David R. Johnson,"Johnson, David R.",,"=""0866513035""","=""9780866513036""",3,4.18,Dale Seymour Publications,Paperback,84,1990,1986,,2015/11/30,,,read,,,,1,0
3393645,Beginner's Book of Modular Origami Polyhedra: The Platonic Solids,Rona Gurkewitz,"Gurkewitz, Rona",Bennett Arnstein,"=""0486461726""","=""9780486461724""",3,4.04,Dover Publications,Paperback,64,2008,2008,,2015/11/30,,,read,,,,1,0
8498684,Researching Education,Gajendra K. Verma,"Verma, Gajendra K.",Kanka Mallick,"=""0750705310""","=""9780750705318""",3,3.00,Routledge,Paperback,228,1998,1998,,2015/11/30,,,read,,,,1,0
898887,"Writing Your Dissertation: The bestselling guide to planning, preparing and presenting first-class work",Derek Swetnam,"Swetnam, Derek",,"=""185703662X""","=""9781857036626""",2,3.57,How To Books,Paperback,,2000,1995,,2015/11/30,,,read,,,,1,0
1145750,The Ultimate Clever Puzzle Book,Olivia Carlton,"Carlton, Olivia","Philip J. Carter, Kenneth A. Russell, Dave Tuller, Michael Rios, Michael Anthony DiSpezio","=""1402704798""","=""9781402704796""",3,4.00,Sterling,Spiral-bound,320,2002,2002,,2015/11/30,,,read,,,,1,0
10063658,The Good Research Guide: For Small-Scale Social Research Projects: for small-scale social research projects,Martyn Denscombe,"Denscombe, Martyn",,"=""0335241387""","=""9780335241385""",4,4.01,Open University Press,Paperback,392,2010,1998,,2015/11/30,,,read,,,,1,0
700119,The Runner's Handbook,Bob Glover,"Glover, Bob","Jack Shepherd, Shelly-Lynn Florence Glover","=""0140469303""","=""9780140469301""",3,3.91,Penguin Publishing Group,Paperback,752,1996,1978,,2015/11/30,,,read,,,,1,0
7541228,Airport (Usborne Sticker Books),Felicity Brooks,"Brooks, Felicity",Dan Crisp,"=""140950736X""","=""9781409507369""",5,4.22,Usborne,Paperback,24,2010,2010,,2015/11/30,,,read,,,,1,0
829579,The Nanny Diaries,Emma McLaughlin,"McLaughlin, Emma",Nicola Kraus,"=""014100892X""","=""9780141008929""",1,3.47,Penguin,Paperback,307,2002,2002,,2015/11/30,,,read,,,,1,0
1709702,Juggling Chainsaws on a Tightrope: On Stress (Real Life Stuff for Men),The Navigators,"Navigators, The",The Navigators,"=""1576838196""","=""9781576838198""",2,2.50,NavPress,Paperback,128,2005,2005,,2015/11/30,,,read,,,,1,0
13838561,Practice Perfect: 42 Rules for Getting Better at Getting Better,Doug Lemov,"Lemov, Doug","Erica Woolway, Katie Yezzi, Dan Heath","=""111821658X""","=""9781118216583""",4,3.81,Jossey-Bass,Hardcover,288,2012,2012,,2015/11/30,,,read,,,,1,0
13838274,"The Together Teacher: Plan Ahead, Get Organized, and Save Time!",Maia Heyck-Merlin,"Heyck-Merlin, Maia",Norman Atkins,"=""111813821X""","=""9781118138212""",4,4.12,Jossey-Bass,Paperback,352,2012,2012,,2015/11/30,,,read,,,,1,0
6952984,I'm Not Cute!,Jonathan Allen,"Allen, Jonathan",,"=""1905417888""","=""9781905417889""",5,3.94,Boxer Books,Board Book,24,2008,2005,,2015/11/30,,,read,,,,1,0
1059440,"Baby Days: Activities, Ideas, and Games for Enjoying Daily Life with a Child Under Three",Barbara Rowley,"Rowley, Barbara",,"=""0786884525""","=""9780786884520""",1,3.28,Balance,Paperback,256,2000,2000,,2015/11/30,,,read,,,,1,0
17209502,Aetna Rising (A Snowball's Chance in Hell),Erik Wecks,"Wecks, Erik",,"=""""","=""""",2,3.41,,Kindle Edition,154,2012,,,2015/11/30,,,read,,,,1,0
8445074,Researching Your Own Practice: The Discipline of Noticing,John   Mason,"Mason, John",,"=""0415248620""","=""9780415248624""",4,4.26,Routledge,Paperback,288,2001,2001,,2015/11/30,,,read,,,,1,0
6531685,Learn Me Good,John  Pearson,"Pearson, John",,"=""""","=""""",1,3.75,lulu.com,Kindle Edition,214,2006,2006,,2015/11/30,,,read,,,,1,0
14619230,Getting the Buggers to Add Up,Mike Ollerton,"Ollerton, Mike",Peter Sykes,"=""1441122397""","=""9781441122391""",3,3.55,Continuum,Paperback,272,2012,2004,,2015/11/30,,,read,,,,1,0
53611,The No-Cry Sleep Solution: Gentle Ways to Help Your Baby Sleep Through the Night,Elizabeth Pantley,"Pantley, Elizabeth",William Sears,"=""0071381392""","=""9780071381390""",4,3.49,McGraw Hill,Paperback,254,2002,2002,,2015/11/30,,,read,,,,1,0
815985,Hippos Go Berserk!,Sandra Boynton,"Boynton, Sandra",,"=""0689834349""","=""9780689834349""",5,4.30,Boynton Bookworks,Board Book,32,2000,1977,,2015/11/30,,,read,,,,1,0
18064060,"Is God Anti-gay?: And Other Questions About Homosexuality, the Bible, and Same-Sex Attraction (Questions Christians Ask)",Sam Allberry,"Allberry, Sam",,"=""1908762314""","=""9781908762313""",3,4.31,The Good Book Company,Paperback,96,2013,2013,,2015/11/30,,,read,,,,1,0
10802114,Commotion In The Ocean Board Book,Giles Andreae,"Andreae, Giles",David Wojtowycz,"=""1408308452""","=""9781408308455""",5,3.97,Orchard,Board book,24,1998,1998,,2015/11/30,,,read,,,,1,0
7743162,"A Memory of Light (Wheel of Time, #14; A Memory of Light, #3)",Robert Jordan,"Jordan, Robert",Brandon Sanderson,"=""1841498726""","=""9781841498720""",4,4.58,Orbit,Hardcover,909,2013,2013,,2015/11/30,,,read,,,,1,0
44137,The Discipline Book: How to Have a Better-Behaved Child From Birth to Age Ten,William Sears,"Sears, William",Martha Sears,"=""0316779032""","=""9780316779036""",3,3.96,"Little, Brown Spark",Paperback,328,1995,1995,,2015/11/30,,,read,,,,1,0
279389,You Are Special: A Story for Everyone,Max Lucado,"Lucado, Max",Sergio Martínez,"=""1859855903""","=""9781859855904""",5,4.46,Candle Books,Hardcover,32,2005,,,2015/11/30,,,read,,,,1,0
836864,The Half Hour Allotment,Lia Leendertz,"Leendertz, Lia",,"=""0711226059""","=""9780711226050""",4,4.06,Frances Lincoln Ltd,Hardcover,160,2006,2006,,2015/11/30,,,read,,,,1,0
15796745,Write,The Guardian,"Guardian, The",,"=""085265328X""","=""9780852653289""",3,3.75,Guardian Books,Hardcover,157,2012,2012,,2015/11/30,,,read,,,,1,0
2872180,365 things to make and do,Fiona Watt,"Watt, Fiona",,"=""0746087926""","=""9780746087923""",1,3.70,Usborne Publishing Ltd,Spiral-bound,128,2007,,,2015/11/30,,,read,,,,1,0
11196436,"Shadow's Edge (Night Angel, #2)",Brent Weeks,"Weeks, Brent",,"=""""","=""""",4,4.25,Hachette Digital,ebook,657,2009,2008,,2015/11/30,,,read,,,,1,0
11634026,"Beyond the Shadows (Night Angel, #3)",Brent Weeks,"Weeks, Brent",,"=""""","=""""",4,4.27,Hachette Digital,ebook,737,2009,2008,,2015/11/30,,,read,,,,1,0
20451878,I Quit Sugar: Your Complete 8-Week Detox Program and Cookbook,Sarah Wilson,"Wilson, Sarah",,"=""1447264282""","=""9781447264286""",3,3.56,Macmillan,Paperback,224,2014,2012,,2015/11/30,,,read,,,,1,0
10338373,The Highly Sensitive Child : Helping Our Children Thrive When the World Overwhelms Them,Elaine N. Aron,"Aron, Elaine N.",,"=""0007163932""","=""9780007163939""",5,3.95,HarperCollins,Paperback,352,2003,2002,,2015/11/30,,,read,,,,1,0
192503,All New Square Foot Gardening,Mel Bartholomew,"Bartholomew, Mel",,"=""1591862027""","=""9781591862024""",4,4.16,Cool Springs Press,Paperback,272,2006,1981,,2015/11/30,,,read,,,,1,0
14312770,Self Sufficiency Manual,Alison Candlin,"Candlin, Alison",,"=""1408156555""","=""9781408156551""",4,4.00,Bloomsbury UK,Paperback,256,2011,2011,,2015/11/30,,,read,,,,1,0
69242,Made to Stick: Why Some Ideas Survive and Others Die,Chip Heath,"Heath, Chip",Dan Heath,"=""1400064287""","=""9781400064281""",4,3.98,Random House,Hardcover,291,2007,2006,,2011/10/27,the-150,the-150 (#7),read,,,,1,0
11138,Mere Christianity,C.S. Lewis,"Lewis, C.S.",,"=""0684823780""","=""9780684823782""",5,4.37,Touchstone Books,Paperback,191,1996,1952,,2011/10/27,the-150,the-150 (#6),read,,,,1,0
64023,Celebration of Discipline: The Path to Spiritual Growth,Richard J. Foster,"Foster, Richard J.",,"=""0060628391""","=""9780060628390""",5,4.21,HarperSanFrancisco,Hardcover,228,1998,1978,,2011/10/27,the-150,the-150 (#5),read,,,,1,0
174845,Life Together: The Classic Exploration of Christian Community,Dietrich Bonhoeffer,"Bonhoeffer, Dietrich",,"=""0060608528""","=""9780060608521""",5,4.28,HarperOne,Paperback,122,1978,1939,,2011/10/27,the-150,the-150 (#4),read,,,,1,0
34,"The Fellowship of the Ring (The Lord of the Rings, #1)",J.R.R. Tolkien,"Tolkien, J.R.R.","Francis Ledoux, Maria Skibniewska","=""0618346252""","=""9780618346257""",5,4.41,Houghton Mifflin Harcourt,Paperback,398,2003,1954,,2011/10/27,the-150,the-150 (#3),read,,,,1,0
3228917,Outliers: The Story of Success,Malcolm Gladwell,"Gladwell, Malcolm",,"=""0316017922""","=""9780316017923""",5,4.19,"Little, Brown and Company",Hardcover,309,2008,2008,,2011/10/27,the-150,the-150 (#2),read,,,,1,0
13589149,Every Good Endeavor: Connecting Your Work to God's Plan for the World,Timothy J. Keller,"Keller, Timothy J.",Katherine Leary Alsdorf,"=""0525952705""","=""9780525952701""",4,4.31,Viking,Hardcover,288,2012,2012,2014/10/02,2013/04/15,the-150,the-150 (#1),read,,,,1,0
78129,"Killing Floor (Jack Reacher, #1)",Lee Child,"Child, Lee",,"=""0515141429""","=""9780515141429""",4,4.08,Jove,Mass Market Paperback,474,2006,1997,2014/10/06,2014/10/02,,,read,,,,1,0
18373214,"Cockroaches (Harry Hole, #2)",Jo Nesbø,"Nesbø, Jo",Don Bartlett,"=""""","=""9780345807151""",5,3.73,Vintage Crime/Black Lizard,Paperback,368,2014,1998,,2014/10/02,,,read,,,,1,0
3522419,"Nemesis (Harry Hole, #4)",Jo Nesbø,"Nesbø, Jo",Don Bartlett,"=""0061655503""","=""9780061655500""",4,3.98,Harper,Paperback,480,2009,2002,,2014/10/02,,,read,,,,1,0
498389,"The Devil's Star (Harry Hole, #5)",Jo Nesbø,"Nesbø, Jo",,"=""0099478536""","=""9780099478539""",5,4.06,Vintage,Mass Market Paperback,528,2006,2003,,2014/10/02,,,read,,,,1,0
465226,"The Redbreast (Harry Hole, #3)",Jo Nesbø,"Nesbø, Jo",,"=""184343217X""","=""9781843432173""",5,3.95,Harvill Secker,Paperback,519,2006,2000,,2014/10/02,,,read,,,,1,0
9572203,"The Snowman (Harry Hole, #7)",Jo Nesbø,"Nesbø, Jo",Don Bartlett,"=""0307595862""","=""9780307595867""",4,4.03,Knopf Publishing Group,Mass Market Paperback,383,2011,2007,,2014/10/02,,,read,,,,1,0
2657,To Kill a Mockingbird,Harper Lee,"Lee, Harper",,"=""0060935464""","=""9780060935467""",0,4.26,Harper Perennial Modern Classics ,Paperback,323,2006,1960,,2014/10/02,,,read,,,,1,0
10357575,"1Q84 (1Q84, #1-3)",Haruki Murakami,"Murakami, Haruki","Jay Rubin, Philip Gabriel","=""0307593312""","=""9780307593313""",4,3.95,Knopf,Hardcover,944,2011,2009,2014/10/02,2013/04/04,,,read,,,,1,0
8491053,Lifted: Experiencing The Resurrection Life,Sam Allberry,"Allberry, Sam",,"=""184474423X""","=""9781844744237""",4,4.23,IVP,Paperback,144,2010,2010,2014/10/02,2013/04/15,,,read,,,,1,0
12243106,"Running the Maze (Kyle Swanson Sniper, #5)",Jack Coughlin,"Coughlin, Jack",Donald A. Davis,"=""0312554958""","=""9780312554958""",0,4.24,St. Martin's Press,Hardcover,291,2012,2012,2013/04/15,2013/04/13,,,read,,,,1,0
6763293,"Clean Kill (Kyle Swanson Sniper, #3)",Jack Coughlin,"Coughlin, Jack",Donald A. Davis,"=""0312551029""","=""9780312551025""",0,4.17,St. Martin's Press,Hardcover,315,2010,2010,,2013/04/13,,,read,,,,1,0
9969571,"Ready Player One (Ready Player One, #1)",Ernest Cline,"Cline, Ernest",,"=""030788743X""","=""9780307887436""",0,4.22,Crown Publishers,Hardcover,480,2011,2011,,2011/10/27,,,read,,,,1,0
1959583,"Kill Zone (Kyle Swanson Sniper, #1)",Jack Coughlin,"Coughlin, Jack",Donald A. Davis,"=""0312360185""","=""9780312360184""",0,4.07,St. Martin's Press,Hardcover,314,2007,2007,2013/04/13,2013/04/04,,,read,,,,1,0
8253920,"Towers of Midnight (The Wheel of Time, #13)",Robert Jordan,"Jordan, Robert",Brandon Sanderson,"=""0765325942""","=""9780765325945""",0,4.48,Tom Doherty Associates TOR Fantasy,Hardcover,863,2010,2010,,2013/04/13,,,read,,,,1,0
8908,World War Z: An Oral History of the Zombie War,Max Brooks,"Brooks, Max",,"=""0307346609""","=""9780307346605""",4,4.02,Crown,Hardcover,342,2006,2006,,2013/04/04,,,read,,,,1,0
6111959,The Crew,Dougie Brimson,"Brimson, Dougie",,"=""0747275874""","=""9780747275879""",4,3.45,Headline Book Pub Ltd,Paperback,256,2001,1996,,2013/04/04,,,read,,,,1,0
226973,"Hear the Wind Sing (The Rat, #1)",Haruki Murakami,"Murakami, Haruki",Alfred Birnbaum,"=""4061860267""","=""9784061860261""",5,3.57,Kodansha International Ltd.,Paperback,130,1979,1979,,2013/04/04,,,read,,,,1,0
168668,Catch-22,Joseph Heller,"Heller, Joseph",,"=""0684833395""","=""9780684833392""",1,3.99,Simon & Schuster ,Paperback,453,2004,1961,,2011/10/27,,,read,,,,1,0
123543,"The Bourne Legacy (Jason Bourne, #4)",Eric Van Lustbader,"Lustbader, Eric Van",Robert Ludlum,"=""0312999526""","=""9780312999520""",5,3.90,St. Martin's Paperbacks,Mass Market Paperback,597,2005,1995,,2011/10/27,,,read,,,,1,0
7869,"The Bourne Identity (Jason Bourne, #1)",Robert Ludlum,"Ludlum, Robert",,"=""0752864327""","=""9780752864327""",5,4.05,Orion,Paperback,566,2005,1980,,2011/10/27,,,read,,,,1,0
19691,"The Hunt for Red October (Jack Ryan, #3)",Tom Clancy,"Clancy, Tom",,"=""0425172902""","=""9780425172902""",5,4.12,Berkley Trade,Mass Market Paperback,432,1999,1984,,2011/10/27,,,read,,,,1,0
7677,"Jurassic Park (Jurassic Park, #1)",Michael Crichton,"Crichton, Michael",Daniel Yagolkolwski,"=""030734813X""","=""9780307348135""",5,4.13,Debolsillo,Mass Market Paperback,467,2006,1990,,2011/10/27,,,read,,,,1,0
234225,Dune (Dune #1),Frank Herbert,"Herbert, Frank",,"=""0340839937""","=""9780340839935""",3,4.29,Hodder,Paperback,604,2006,1965,,2011/10/27,,,read,,,,1,0
11,"The Hitchhiker’s Guide to the Galaxy (Hitchhiker's Guide to the Galaxy, #1)",Douglas Adams,"Adams, Douglas",,"=""""","=""""",3,4.22,Del Rey Books,Mass Market Paperback,216,2005,1979,,2011/10/27,,,read,,,,1,0
375802,"Ender’s Game (Ender's Saga, #1)",Orson Scott Card,"Card, Orson Scott",,"=""0812550706""","=""9780812550702""",5,4.31,Tor,Mass Market Paperback,324,2004,1985,,2011/10/27,,,read,,,,1,0
771,"The Elegant Universe: Superstrings, Hidden Dimensions, and the Quest for the Ultimate Theory",Brian Greene,"Greene, Brian",,"=""0375708111""","=""9780375708114""",1,4.10,Vintage Books USA,Paperback,425,2000,1999,,2011/10/27,,,read,,,,1,0
2251306,"Brain Rules: 12 Principles for Surviving and Thriving at Work, Home, and School (Book & DVD)",John Medina,"Medina, John",,"=""0979777704""","=""9780979777707""",5,4.01,Pear Press,Hardcover,301,2008,2008,,2011/10/27,,,read,,,,1,0
40102,Blink: The Power of Thinking Without Thinking,Malcolm Gladwell,"Gladwell, Malcolm","Barry Fox, Irina Henegar","=""0316010669""","=""9780316010665""",4,3.96,Back Bay Books,Paperback,296,2007,2005,,2011/10/27,,,read,,,,1,0
3427627,slide:ology: The Art and Science of Creating Great Presentations,Nancy Duarte,"Duarte, Nancy",,"=""0596522347""","=""9780596522346""",5,4.07,O'Reilly Media,Paperback,294,2008,2008,,2011/10/27,,,read,,,,1,0
2420301,The Back of the Napkin: Solving Problems and Selling Ideas with Pictures,Dan Roam,"Roam, Dan",,"=""1591841992""","=""9781591841999""",4,3.96,Portfolio Hardcover,Hardcover,278,2008,2008,,2011/10/27,,,read,,,,1,0
1908456,Presentation Zen: Simple Ideas on Presentation Design and Delivery,Garr Reynolds,"Reynolds, Garr",,"=""0321525655""","=""9780321525659""",5,4.05,New Riders,Paperback,229,2008,2007,,2011/10/27,,,read,,,,1,0
2612,The Tipping Point: How Little Things Can Make a Big Difference,Malcolm Gladwell,"Gladwell, Malcolm",,"=""""","=""""",3,4.01,Time Warner Book Group,Paperback,301,2002,2000,,2011/10/27,,,read,,,,1,0
1202,Freakonomics: A Rogue Economist Explores the Hidden Side of Everything,Steven D. Levitt,"Levitt, Steven D.",Stephen J. Dubner,"=""0061234001""","=""9780061234002""",4,4.01,William Morrow,Hardcover,268,2006,2005,,2011/10/27,,,read,,,,1,0
48855,The Diary of a Young Girl,Anne Frank,"Frank, Anne","Eleanor Roosevelt, Susan Massotty, Γιάννης Θωμόπουλος, Barbara Mooyaart-Doubleday, Otto H. Frank, Mirjam Pressler","=""""","=""""",3,4.20,Bantam,Mass Market Paperback,283,1993,1947,,2011/10/27,,,read,,,,1,0
138398,"The Walking Dead, Vol. 1: Days Gone Bye",Robert Kirkman,"Kirkman, Robert",Tony Moore,"=""1582406723""","=""9781582406725""",5,4.27,Image Comics,Paperback,144,2013,2004,,2011/10/27,,,read,,,,1,0
472331,Watchmen,Alan             Moore,"Moore, Alan","Dave Gibbons, John    Higgins","=""0930289234""","=""9780930289232""",3,4.39,DC Comics,Paperback,416,2005,1987,,2011/10/27,,,read,,,,1,0
7613,Animal Farm,George Orwell,"Orwell, George","Ann Patchett, Téa Obreht","=""""","=""""",3,4.02,Plume,Paperback,129,2003,1945,,2011/10/27,,,read,,,,1,0
14201,Jonathan Strange & Mr Norrell,Susanna Clarke,"Clarke, Susanna",,"=""""","=""""",4,3.87,Tor Books,Paperback,1006,2006,2004,,2011/10/27,,,read,,,,1,0
12067,"Good Omens: The Nice and Accurate Prophecies of Agnes Nutter, Witch",Terry Pratchett,"Pratchett, Terry",Neil Gaiman,"=""""","=""""",5,4.25,William Morrow Paperbacks,Mass Market Paperback,491,2006,1990,,2011/10/27,,,read,,,,1,0
4407,"American Gods (American Gods, #1)",Neil Gaiman,"Gaiman, Neil",,"=""""","=""""",5,4.10,Headline Review,Paperback,635,2005,2001,,2011/10/27,,,read,,,,1,0
113436,Eragon (The Inheritance Cycle #1),Christopher Paolini,"Paolini, Christopher",,"=""0375826696""","=""9780375826696""",3,3.97,Alfred A. Knopf,Paperback,503,2005,2002,,2011/10/27,,,read,,,,1,0
119322,"The Golden Compass (His Dark Materials, #1)",Philip Pullman,"Pullman, Philip",,"=""0679879242""","=""9780679879244""",4,4.03,RANDOM HOUSE TRADE,Hardcover,399,1996,1995,,2011/10/27,,,read,,,,1,0
140225,"The Voyage of the Dawn Treader (Chronicles of Narnia, #3)",C.S. Lewis,"Lewis, C.S.",Pauline Baynes,"=""006112527X""","=""9780061125270""",5,4.09,HarperCollins,Hardcover,248,2006,1952,,2011/10/27,,,read,,,,1,0
233649,"The Great Hunt (The Wheel of Time, #2)",Robert Jordan,"Jordan, Robert",,"=""0812517725""","=""9780812517729""",5,4.27,Tor Books,Mass Market Paperback,705,1991,1990,,2011/10/27,,,read,,,,1,0
5907,"The Hobbit, or There and Back Again",J.R.R. Tolkien,"Tolkien, J.R.R.","Douglas A. Anderson, Michael Hague, Jemima Catlin","=""""","=""""",4,4.30,Houghton Mifflin,Paperback,366,2002,1937,,2011/10/27,,,read,,,,1,0
3,"Harry Potter and the Sorcerer's Stone (Harry Potter, #1)",J.K. Rowling,"Rowling, J.K.",,"=""0439554934""","=""9780439554930""",5,4.47,Scholastic Inc,Hardcover,309,2003,1997,,2011/10/27,,,read,,,,1,0
128029,A Thousand Splendid Suns,Khaled Hosseini,"Hosseini, Khaled",,"=""1594489505""","=""9781594489501""",4,4.46,Riverhead Books,Hardcover,372,2007,2007,,2011/10/27,,,read,,,,1,0
2429135,"The Girl With the Dragon Tattoo (Millennium, #1)",Stieg Larsson,"Larsson, Stieg",Reg Keeland,"=""0670069019""","=""9780670069019""",5,4.18,Viking Canada,Hardcover,480,2008,2005,,2011/10/27,,,read,,,,1,0
4214,Life of Pi,Yann Martel,"Martel, Yann",,"=""0770430074""","=""9780770430078""",1,3.94,Seal Books,Paperback,460,2006,2001,,2011/10/27,,,read,,,,1,0
77203,The Kite Runner,Khaled Hosseini,"Hosseini, Khaled",,"=""159463193X""","=""9781594631931""",4,4.36,Riverhead Books,Paperback,371,2004,2003,,2011/10/27,,,read,,,,1,0
14050,The Time Traveler's Wife,Audrey Niffenegger,"Niffenegger, Audrey",,"=""0965818675""","=""9780965818674""",4,4.00,MacAdam/Cage,Paperback,537,2003,2003,,2011/10/27,,,read,,,,1,0
7214,Blue Like Jazz: Nonreligious Thoughts on Christian Spirituality,Donald Miller,"Miller, Donald",,"=""0785263705""","=""9780785263708""",4,3.90,Thomas Nelson Publishers (17 July 2003),Paperback,243,2003,2003,,2011/10/27,,,read,,,,1,0
100915,"The Lion, the Witch and the Wardrobe (Chronicles of Narnia, #1)",C.S. Lewis,"Lewis, C.S.","Tormod Haugen, Per Svein Paulsen","=""""","=""""",5,4.24,HarperCollins Publishers,Paperback,206,2005,1950,,2011/10/27,,,read,,,,1,0
53856,Real Sex: The Naked Truth about Chastity,Lauren F. Winner,"Winner, Lauren F.",,"=""1587431971""","=""9781587431975""",5,3.88,Brazos Press,Paperback,184,2006,2005,,2011/10/27,,,read,,,,1,0
87665,Orthodoxy,G.K. Chesterton,"Chesterton, G.K.",,"=""160096527X""","=""9781600965272""",3,4.20,Waking Lion Press,Paperback,168,2007,1908,,2011/10/27,,,read,,,,1,0
33333,Searching for God Knows What,Donald Miller,"Miller, Donald",,"=""0785263713""","=""9780785263715""",3,3.91,Thomas Nelson,Paperback,246,2004,2000,,2011/10/27,,,read,,,,1,0
64081,The Irresistible Revolution: Living as an Ordinary Radical,Shane Claiborne,"Claiborne, Shane",Jim Wallis,"=""0310266300""","=""9780310266303""",4,4.04,Zondervan,Paperback,368,2006,2006,,2011/10/27,,,read,,,,1,0
1812457,The Shack,William Paul Young,"Young, William Paul",,"=""0964729237""","=""9780964729230""",3,3.84,Windblown Media,Paperback,248,2007,2007,,2011/10/27,,,read,,,,1,0
11149,The Screwtape Letters,C.S. Lewis,"Lewis, C.S.",,"=""0060652896""","=""9780060652890""",5,4.27,HarperCollins,Hardcover,209,2001,1942,,2011/10/27,,,read,,,,1,0
